<?xml version="1.0" encoding="UTF-8"?>
<project-private xmlns="http://www.netbeans.org/ns/project-private/1">
    <editor-bookmarks xmlns="http://www.netbeans.org/ns/editor-bookmarks/2" lastBookmarkId="0"/>
    <open-files xmlns="http://www.netbeans.org/ns/projectui-open-files/2">
        <group>
            <file>file:/H:/Project/BusRservationSystem/src/com/student/Signup.java</file>
            <file>file:/H:/Project/BusRservationSystem/src/com/student/UserLogin.java</file>
            <file>file:/H:/Project/BusRservationSystem/src/com/student/Connectivity.java</file>
            <file>file:/H:/Project/BusRservationSystem/src/com/student/AdminLogin.java</file>
            <file>file:/H:/Project/BusRservationSystem/src/com/student/Login_form.java</file>
        </group>
    </open-files>
</project-private>
